<?xml version='1.0' encoding='UTF-8'?><trackrecordPosting><account><name>chensir</name><password>09a4f31c6d209296f50810fcd3f28957f049c3e2</password></account><game><id>2</id><trackrecord><timestamp>2019-09-06T23:39:03+08:00</timestamp><p1name>chenstar</p1name><p1type>9</p1type><p1point>2</p1point><p2name>PianOMaN</p2name><p2type>0</p2type><p2point>0</p2point></trackrecord><trackrecord><timestamp>2019-09-06T23:41:59+08:00</timestamp><p1name>chenstar</p1name><p1type>9</p1type><p1point>2</p1point><p2name>PianOMaN</p2name><p2type>0</p2type><p2point>0</p2point></trackrecord><trackrecord><timestamp>2019-09-06T23:46:10+08:00</timestamp><p1name>chenstar</p1name><p1type>9</p1type><p1point>2</p1point><p2name>PianOMaN</p2name><p2type>0</p2type><p2point>1</p2point></trackrecord><trackrecord><timestamp>2019-09-06T23:48:42+08:00</timestamp><p1name>chenstar</p1name><p1type>9</p1type><p1point>2</p1point><p2name>PianOMaN</p2name><p2type>0</p2type><p2point>0</p2point></trackrecord><trackrecord><timestamp>2019-09-06T23:51:50+08:00</timestamp><p1name>chenstar</p1name><p1type>9</p1type><p1point>2</p1point><p2name>PianOMaN</p2name><p2type>0</p2type><p2point>1</p2point></trackrecord><trackrecord><timestamp>2019-09-06T23:54:37+08:00</timestamp><p1name>chenstar</p1name><p1type>9</p1type><p1point>2</p1point><p2name>PianOMaN</p2name><p2type>0</p2type><p2point>0</p2point></trackrecord><trackrecord><timestamp>2019-09-06T23:57:01+08:00</timestamp><p1name>chenstar</p1name><p1type>9</p1type><p1point>2</p1point><p2name>PianOMaN</p2name><p2type>0</p2type><p2point>0</p2point></trackrecord><trackrecord><timestamp>2019-09-06T23:59:32+08:00</timestamp><p1name>chenstar</p1name><p1type>9</p1type><p1point>2</p1point><p2name>PianOMaN</p2name><p2type>0</p2type><p2point>0</p2point></trackrecord><trackrecord><timestamp>2019-09-07T00:01:33+08:00</timestamp><p1name>chenstar</p1name><p1type>9</p1type><p1point>2</p1point><p2name>PianOMaN</p2name><p2type>0</p2type><p2point>0</p2point></trackrecord><trackrecord><timestamp>2019-09-07T00:04:18+08:00</timestamp><p1name>chenstar</p1name><p1type>9</p1type><p1point>2</p1point><p2name>PianOMaN</p2name><p2type>0</p2type><p2point>0</p2point></trackrecord><trackrecord><timestamp>2019-09-07T00:06:56+08:00</timestamp><p1name>chenstar</p1name><p1type>9</p1type><p1point>2</p1point><p2name>PianOMaN</p2name><p2type>0</p2type><p2point>0</p2point></trackrecord><trackrecord><timestamp>2019-09-07T00:11:43+08:00</timestamp><p1name>chenstar</p1name><p1type>9</p1type><p1point>2</p1point><p2name>PianOMaN</p2name><p2type>0</p2type><p2point>1</p2point></trackrecord><trackrecord><timestamp>2019-09-07T00:16:09+08:00</timestamp><p1name>chenstar</p1name><p1type>9</p1type><p1point>2</p1point><p2name>PianOMaN</p2name><p2type>0</p2type><p2point>1</p2point></trackrecord><trackrecord><timestamp>2019-09-07T00:20:32+08:00</timestamp><p1name>chenstar</p1name><p1type>9</p1type><p1point>1</p1point><p2name>PianOMaN</p2name><p2type>0</p2type><p2point>2</p2point></trackrecord><trackrecord><timestamp>2019-09-07T00:23:12+08:00</timestamp><p1name>chenstar</p1name><p1type>9</p1type><p1point>1</p1point><p2name>PianOMaN</p2name><p2type>0</p2type><p2point>2</p2point></trackrecord><trackrecord><timestamp>2019-09-07T00:25:35+08:00</timestamp><p1name>chenstar</p1name><p1type>9</p1type><p1point>2</p1point><p2name>PianOMaN</p2name><p2type>0</p2type><p2point>0</p2point></trackrecord><trackrecord><timestamp>2019-09-07T00:28:44+08:00</timestamp><p1name>chenstar</p1name><p1type>9</p1type><p1point>2</p1point><p2name>PianOMaN</p2name><p2type>0</p2type><p2point>0</p2point></trackrecord><trackrecord><timestamp>2019-09-07T00:33:16+08:00</timestamp><p1name>chenstar</p1name><p1type>9</p1type><p1point>2</p1point><p2name>PianOMaN</p2name><p2type>0</p2type><p2point>1</p2point></trackrecord><trackrecord><timestamp>2019-09-07T00:37:48+08:00</timestamp><p1name>chenstar</p1name><p1type>7</p1type><p1point>2</p1point><p2name>PianOMaN</p2name><p2type>0</p2type><p2point>1</p2point></trackrecord><trackrecord><timestamp>2019-09-07T00:40:53+08:00</timestamp><p1name>chenstar</p1name><p1type>2</p1type><p1point>2</p1point><p2name>PianOMaN</p2name><p2type>0</p2type><p2point>0</p2point></trackrecord><trackrecord><timestamp>2019-09-07T00:44:05+08:00</timestamp><p1name>chenstar</p1name><p1type>2</p1type><p1point>2</p1point><p2name>PianOMaN</p2name><p2type>0</p2type><p2point>0</p2point></trackrecord><trackrecord><timestamp>2019-09-07T00:46:32+08:00</timestamp><p1name>chenstar</p1name><p1type>2</p1type><p1point>0</p1point><p2name>PianOMaN</p2name><p2type>0</p2type><p2point>2</p2point></trackrecord><trackrecord><timestamp>2019-09-07T00:50:19+08:00</timestamp><p1name>chenstar</p1name><p1type>12</p1type><p1point>2</p1point><p2name>PianOMaN</p2name><p2type>0</p2type><p2point>0</p2point></trackrecord><trackrecord><timestamp>2019-09-07T00:53:57+08:00</timestamp><p1name>chenstar</p1name><p1type>12</p1type><p1point>2</p1point><p2name>PianOMaN</p2name><p2type>0</p2type><p2point>0</p2point></trackrecord><trackrecord><timestamp>2019-09-07T00:58:47+08:00</timestamp><p1name>chenstar</p1name><p1type>12</p1type><p1point>2</p1point><p2name>PianOMaN</p2name><p2type>0</p2type><p2point>1</p2point></trackrecord><trackrecord><timestamp>2019-09-07T01:05:51+08:00</timestamp><p1name>chenstar</p1name><p1type>12</p1type><p1point>1</p1point><p2name>PianOMaN</p2name><p2type>0</p2type><p2point>2</p2point></trackrecord><trackrecord><timestamp>2019-09-07T01:11:24+08:00</timestamp><p1name>chenstar</p1name><p1type>8</p1type><p1point>2</p1point><p2name>PianOMaN</p2name><p2type>0</p2type><p2point>1</p2point></trackrecord><trackrecord><timestamp>2019-09-07T01:13:49+08:00</timestamp><p1name>chenstar</p1name><p1type>9</p1type><p1point>2</p1point><p2name>PianOMaN</p2name><p2type>0</p2type><p2point>0</p2point></trackrecord><trackrecord><timestamp>2019-09-07T01:17:11+08:00</timestamp><p1name>chenstar</p1name><p1type>9</p1type><p1point>2</p1point><p2name>PianOMaN</p2name><p2type>0</p2type><p2point>0</p2point></trackrecord><trackrecord><timestamp>2019-09-07T01:19:19+08:00</timestamp><p1name>chenstar</p1name><p1type>9</p1type><p1point>2</p1point><p2name>PianOMaN</p2name><p2type>0</p2type><p2point>0</p2point></trackrecord><trackrecord><timestamp>2019-09-07T01:23:42+08:00</timestamp><p1name>chenstar</p1name><p1type>9</p1type><p1point>2</p1point><p2name>PianOMaN</p2name><p2type>0</p2type><p2point>1</p2point></trackrecord></game></trackrecordPosting>
